{
  "articles": [
    {
      "id": "1",
      "title": "et magnis dis",
      "text": "eget, dictum placerat, augue. Sed molestie. Sed id risus quis diam luctus lobortis. Class aptent taciti sociosqu ad litora torquent per conubia nostra, per inceptos hymenaeos. Mauris ut quam vel sapien imperdiet ornare. In faucibus. Morbi vehicula. Pellentesque tincidunt tempus risus. Donec egestas. Duis ac arcu. Nunc mauris. Morbi non",
      "date": "Aug 11, 2022"
    },
    {
      "id": "2",
      "title": "euismod ac, fermentum",
      "text": "nec, diam. Duis mi enim, condimentum eget, volutpat ornare, facilisis eget, ipsum. Donec sollicitudin adipiscing ligula. Aenean gravida nunc sed pede. Cum sociis natoque penatibus et magnis dis parturient montes, nascetur ridiculus mus. Proin vel arcu eu odio tristique pharetra. Quisque ac libero nec ligula consectetuer rhoncus. Nullam velit dui,",
      "date": "Nov 29, 2021"
    },
    {
      "id": "3",
      "title": "mollis. Phasellus libero",
      "text": "adipiscing elit. Etiam laoreet, libero et tristique pellentesque, tellus sem mollis dui, in sodales elit erat vitae risus. Duis a mi fringilla mi lacinia mattis. Integer eu lacus. Quisque imperdiet, erat nonummy ultricies ornare, elit elit fermentum risus, at fringilla purus mauris a nunc. In at pede. Cras vulputate velit",
      "date": "Nov 10, 2021"
    },
    {
      "id": "4",
      "title": "tristique neque venenatis",
      "text": "vitae erat vel pede blandit congue. In scelerisque scelerisque dui. Suspendisse ac metus vitae velit egestas lacinia. Sed congue, elit sed consequat auctor, nunc nulla vulputate dui, nec tempus mauris erat eget ipsum. Suspendisse sagittis. Nullam vitae diam. Proin dolor. Nulla semper tellus id nunc interdum feugiat. Sed nec metus",
      "date": "Oct 15, 2022"
    },
    {
      "id": "5",
      "title": "Sed id risus",
      "text": "et, commodo at, libero. Morbi accumsan laoreet ipsum. Curabitur consequat, lectus sit amet luctus vulputate, nisi sem semper erat, in consectetuer ipsum nunc id enim. Curabitur massa. Vestibulum accumsan neque et nunc. Quisque ornare tortor at risus. Nunc ac sem ut dolor dapibus gravida. Aliquam tincidunt, nunc ac mattis ornare,",
      "date": "Mar 6, 2022"
    },
    {
      "id": "492f",
      "msg": null
    },
    {
      "id": "6f8c",
      "msg": null
    },
    {
      "id": "ade1",
      "msg": "エラーが発生しました。"
    },
    {
      "id": "d5b3",
      "msg": "エラーが発生しました。"
    },
    {
      "id": "f83e",
      "msg": null
    },
    {
      "id": "df4c",
      "msg": null
    },
    {
      "id": "5a4f",
      "msg": null
    },
    {
      "id": "5e3f"
    },
    {
      "id": "ac46",
      "msg": null
    },
    {
      "id": "12f5",
      "msg": null
    },
    {
      "id": "a7a6",
      "msg": null
    },
    {
      "id": "040d"
    },
    {
      "id": "12",
      "title": "12"
    },
    {
      "id": "",
      "title": ""
    },
    {
      "id": "1",
      "title": "1"
    }
  ]
}